id,first_name,last_name,monthly_income
bb62f39b-550a-40a6-9fc3-96a1378d7e7e,Jillane,Debold,89187
581f0c47-769d-40b4-8421-878fd18284f8,Cam,Cornwell,18416
f56150ed-99ce-42bf-a9dd-8eb38f7686d4,Nevin,Gillard,11591
69d7c62d-412b-49db-a2f9-b8cc659931e1,Rania,Bevir,93459
caf5fe09-7c3f-4e35-beb5-ea8b07cea06e,Kassandra,Sculley,34568
8f767d08-6c11-401c-8816-b02cb90a668b,Philippe,Sammes,53815
7ada0f88-e0f2-4031-ad1e-e782e72589b8,Devin,Bolingbroke,18024
7ae622ff-a47c-49cf-a7c7-993eeaad8cb2,Dix,Siret,12662
2c021eb5-d8f5-4c96-8735-c466eea424d5,Juieta,Borris,70752
a1800a7f-2d9d-48e8-baf8-36ef0f4219a5,Nickolai,Panyer,46614
ff0f78a1-6cc9-4a2a-9475-5b0c4d3c599b,Heida,Eidelman,57687
4fd2848e-c6f0-4a36-8912-a3e823b1c676,Josefa,Griffitt,51683
9fe22994-27d2-47a8-9173-efd973d0cd86,Gerrard,Wiz,91653
f5b6a28f-87b8-4095-ac05-8f7aaf2e063d,Gabrila,Scurrey,63784
a230a2dd-8506-49c5-af65-1e5599ae50db,Anna-maria,Skakunas,88677
dd88e567-6868-49dc-9ca8-03dde3dec5e1,Morry,Crisall,22497
91cc3de0-47d1-47f2-b615-e70541563cd5,Mollie,Pounder,90519
be0d0418-bc91-4ef7-8779-c1a05c8911a6,Harv,Kardos,96007
e8c83a87-eda5-4afa-9705-92cb98cdd6ab,Gussie,Mursell,20836
d3a789cb-f578-4803-a1a1-0d7b5f319790,Ellerey,Thickens,81847
b1c32dac-bb55-471f-98bb-6b345f72c3e8,Antony,Rundall,22439
77de818f-5e65-4e71-8857-7faeaba229b2,Robinet,Stabbins,46414
2f0e03d8-605c-4d48-a8bd-0b0d5395a5b0,Grace,Gregoretti,51989
dced7314-acc7-46c3-aaf9-c06dfccbac88,Luther,Habbal,78200
af0e16ba-67c9-4dd8-9699-f4a7366bdfa8,Bordie,Corradetti,84579
08b6d051-d357-444f-8fba-daa8498ed434,Benedicta,Bunney,64746
be862656-81e5-45b0-b376-95d0d30fa2ac,Radcliffe,Toyne,61505
569e4335-7253-4aad-acc3-5f3c83a7ec1a,Garreth,Diegan,40230
0f8264bb-044d-4456-8400-35fe99ae19c4,Sanderson,Battrick,32741
f0604ac5-be19-4473-a88f-bbf8f220a6bb,Farica,Chasier,37186
be5f2328-37bd-4839-a2be-381ac82b70cc,Sigismond,Rivard,69894
17faae33-0a8d-4f20-9484-4c152baaaaa1,Alexine,Rodd,99356
705f8bf1-3569-4192-96a2-2bdd8748908d,Odilia,Gaunter,32165
0a3db896-3388-4462-b6ea-deaa389d619d,Bendick,Icom,26989
cbc9b421-25aa-4fa6-b998-d6de6a24a8bb,Kitty,Burgon,52697
95bf8ab5-29e3-4a55-9a9a-4c2049094539,Loella,Britian,44129
40b180fe-4334-4cf6-9d1d-97e8b35b0efb,Guendolen,Kislingbury,34947
8fa317ed-3752-4226-afa8-c0e03fc28863,Kliment,Darrington,78710
046c2efd-1794-4846-94fd-730c49a34cf0,Melony,Motten,70777
aacfeb50-47ad-4f8e-9175-fd52050a9e19,Vidovic,Tobias,25115
27155d36-7b07-4af1-8ad9-70231fac1109,Dennet,Sebrook,7893
c55c2097-c609-48b1-9474-9517d95e764c,Ardra,Schukert,79486
83ec6757-a44b-4bc3-b0b8-bb6afdc3d34b,Cathlene,Lyttle,98539
d5dcffc2-56cf-4376-8aef-5dbf34e7e36c,Pat,Warrick,87410
cb28a0ef-f1d3-4904-a53f-e8869227c631,Myrta,Bryant,63468
ad006133-ffbb-477c-bfa5-37139aa87927,Alberik,Tantum,14799
607a3b06-6d79-4c92-847a-4cda2c32d331,Livvy,Ozelton,31344
99439865-5816-4cd4-955e-f359d901de21,Tadd,Hunsworth,54274
af60f997-5a40-4709-afd7-b8508a09a87e,Sandi,Ladley,35835
87eb6911-0453-424f-b932-9b5b704293f2,Remus,Robilliard,42821
17e82d71-55d5-4f7f-bbac-84714211f72f,Gage,Milland,64295
d96fda16-7297-43e9-9d0e-6c6dcba4daa6,Sergent,Juanes,80589
cb66c345-a0b3-426e-86ca-9dd7e962ba0b,Jorey,Domsalla,98943
c5fcc40e-9cda-4755-8c5a-e145af4a9f9d,Bondy,Chipman,87091
30bfc8b2-1ec8-4a28-8d31-2c028d4578ea,Forrester,Kiljan,27721
73895136-7c64-43f7-b8d9-7352276e8080,Fifi,Beney,64265
e8998f4a-3efe-4520-b3ba-a8933fbb877b,Barbi,Burgisi,33286
e915d967-55d1-4d45-9367-ec8ba43d31d2,Demetrius,Bensley,92244
813116ae-863b-4498-a2b2-bb8fd1c1555a,Emili,Yter,88507
be3e3a3e-f023-4ef7-b397-daac635b1c0f,Drucill,Olwen,56399
0a9680e6-81a8-45af-98f1-9606a5123e30,Wynne,McPhillimey,55325
ad5eaed2-9ca0-4352-bc82-d100245c9c1d,Roger,Bursnoll,72988
8a55d326-fef9-4f6d-b75e-4a83269944dd,Robenia,Routh,6128
6814af49-6ed7-4f3c-bbed-dda2f789c35f,Birch,Liggins,82024
f59c5e29-1de7-43d7-a6b2-505d226ebf4f,Kirbee,Senescall,33830
097795a3-aac6-464d-ae12-874c9e815938,Toinette,Dark,25924
5cbe5d4a-c443-47c2-aa0a-9e54b1bec28a,Yorgos,Rattry,70420
45e2fc8d-0efd-4ac3-a2de-0ff0573a39bd,Correy,Lumsdaine,7204
0826de84-33c0-4d43-8da9-ed81c5fb6e98,Tanhya,Kilbourne,11341
c67e673d-6c94-4286-bf7e-d499472a6dfa,Leonore,Dunderdale,7554
b0bd3d20-2679-4d30-ba60-f163aee26924,Rodolfo,Jobey,65439
7b3529ec-66b8-4a00-8520-fa61edf74130,Connie,Maslen,35824
830fa9a3-0f1b-4a72-96ff-d7ace87a9f67,Carmelia,Aleksashin,64537
0333e8e6-be5f-402b-a012-358f233a8f50,Gwenneth,Gahagan,92137
698102e2-f8c8-43d0-90ff-e29684101566,Katerina,Shapero,10110
1f027be2-e74d-4c27-b0db-9e5b424deb26,Jody,Fantin,17046
076f2e0d-8d87-4b4a-bd54-386a6cc76197,Andrei,Greyes,44561
9da42b9f-1845-47a4-a260-db6bb58e20de,Cherilyn,Menure,6856
80b7f7b2-b186-4c1b-86b0-5c7534e27d6a,Keary,Marion,57107
2e080933-a683-4694-9f17-d893a5dc092c,Corrianne,Wilcinskis,22611
6b0e95bb-6380-463e-8e10-6b4d01fc27d6,Verina,MacLardie,37168
a418cb95-c223-47de-9ede-d9d397cf2a61,Eadmund,Stebbings,28266
a9dcb9ec-9e12-4195-9abf-32c3e74f5554,Nathalie,Paulson,84084
579c8f7d-71cb-4707-bbc2-4a87ed3e3b9b,Neysa,McReynold,84921
fec44af2-f3a3-4053-b739-d21edd082dc5,Breanne,Jellman,20745
83c5e05b-607c-4910-8b49-654e62860c62,Kara-lynn,Testro,36732
64eaa74a-a9e1-42b6-8f1a-24eea9873234,Pooh,Archibald,27475
01e580b0-e0fb-419a-a7bd-bb33bc646944,Kip,Hauxley,64230
4d880feb-2adc-4fd2-a7de-ec3fb4b32563,Avigdor,Legh,25225
d1e7010c-0570-4698-99f8-25dfda08fa2a,Abbe,Jaulme,21824
b2f18df8-513a-46c3-885a-2ccd7fdb095a,Britte,Fraanchyonok,77055
36a1499c-63e9-4abe-b5f5-108195e7949c,Ulick,Ribbon,44205
1699cd7d-af02-41f3-968f-2be77f972790,Roxie,Sergeaunt,18609
8f6fd495-9f3c-4436-ba5b-56c49ec0d97c,Denys,Grimsditch,76534
4f7bce4e-932d-4077-9a81-bdd55b489b9d,Fleming,Sidebotham,8932
fbff67c9-1e6a-45fc-81a0-50589a900485,Demetra,Beatey,65203
08ca47c8-bb5b-4e70-832f-171d6a5232a9,Rois,Pharoah,98964
347c7712-25e1-4d19-9246-237b9c2c5b4b,Austin,Luna,73668
be207d91-874d-42d6-8d89-536076aff9c3,Charissa,McElroy,71693
6ac616ad-b6d3-4307-8923-13ec55abad44,Moselle,Archbald,35461
087b8329-a19d-4df2-92e4-b4af4c37458e,Jenelle,Deex,17127
c945410a-5c29-4d3c-a5e9-e9d5eeb304ca,Elmore,Grimes,75992
07afda3d-b30a-4908-a9e7-af36108a27eb,Humphrey,McAirt,97084
f1a56993-3712-40a7-8bd7-ae4767ae4b43,Damita,McPhail,21769
ce5963aa-7744-4de2-a87d-9740a3a30a74,Sibbie,Shenley,42657
31c65421-a9e5-4b4c-864e-2eca3b3e7810,Gabriel,Balthasar,64192
c4fd2177-53d0-4499-8087-ac68fcce36cb,Brandice,Rumgay,44160
27bc2f7f-ba43-42b5-aeec-dc9e4eeaa605,Bond,Mussilli,18231
06e1ba4d-58ed-48a9-b9cb-8f6d78620c5f,Jessalyn,Mattersley,45246
b90b6ba5-58c7-43b3-95ca-72563e842bb3,Claire,Peschke,69981
6292b791-621e-4080-95ac-4d885fe44626,Zacharias,Lisciardelli,71096
306c05b0-051b-4775-896e-24a6f9110847,Evvy,Michelotti,14028
649d89d8-edf2-4215-9918-caadb6c21937,Cora,Sherred,54703
1c319095-8ffa-4611-b4cf-58abdbc17235,Annice,Karolowski,77057
4b4a96d5-53f6-4f94-97bb-2b837a6c5a64,Vallie,Diable,20843
098b0242-349e-4d44-868d-d265f3a215e4,Raoul,Eisenberg,77889
0a107839-cb52-4a79-af3e-cad8c8df5ef3,Ty,Zorzoni,88753
145e0cc9-cd25-4cc0-9082-bf6eb456f7c1,Virginie,Hotton,64057
e44e78f4-72d6-4ad4-8402-24eff7a46a1a,Baryram,Pearmain,10923
cbd319b6-b843-438e-b94c-acda8e3ba559,Tynan,Hellikes,38470
76a03c0d-4dbe-4a95-aec7-2c234384c62e,Krisha,Novic,63405
912f40ee-5300-466d-a132-97419158bb97,Giovanni,Pycock,68829
d0177559-772b-4dab-ac8b-0d106961107b,Lauri,McGahy,39828
d3880752-a1fb-4776-b0ba-40e968552b50,Vicky,Braddick,69900
b157ca0a-0b31-4878-9f9a-0370a69a316f,Teirtza,Woodson,57809
5586c4ed-1866-49df-8bbf-4a5a04e27bb8,Pren,Iacapucci,45647
d85b6066-d672-430a-b428-460c89486e96,Tallou,Chattaway,32690
6b5ba8cb-742f-4922-a7a2-0e3507318d21,Eloisa,Lohde,86024
347c7b45-4874-40b8-8802-9a8de797817d,Eustacia,Chaudhry,48199
28b14542-bde4-49fc-b77f-349430684859,Riordan,Gilstoun,89481
101b55c0-eb1e-4fec-81b6-d55aae45775d,Holli,Ridgwell,24218
686ed37c-b013-4551-8141-e94a918493db,Julienne,Tinson,87746
46871a00-1165-4c85-ba63-0b98d140bd1a,Shel,Tow,11057
138b6114-41dd-4cf3-a28d-8984778c48ad,Betti,Mollene,65989
8cfebb20-d18b-490c-a9dd-c1e97e672c0e,Dehlia,Sorensen,9547
de3308a9-583e-49ae-9b89-2779d315b4d0,Chere,Draysay,95219
3ee15c77-c199-42af-acea-e020a5db98c8,Haywood,Penelli,70543
8c01db23-97ea-4073-9c75-f278a9c9eabb,Algernon,Camamill,35591
f2e9ff72-9210-4ce5-8acd-a6d53b511a17,Christin,Vasilyevski,89271
f0edbc82-074c-49f8-a74b-f2a2b403b964,Winn,Lemar,44137
04470e4e-0c6b-4fa5-9ba6-7ed288113c83,Lucia,Teissier,50660
3ee1245e-2b37-4917-aaa7-dfc8a77c7e88,Leland,Scamel,58977
209c57e5-806f-43c2-8b1a-60c764df9ae4,Binky,Khotler,94185
fd90f5f1-48a0-4e9a-8ac2-5ef43019bf04,Hastie,Yakunin,4278
38b78af7-8c58-4018-b0d4-6d022d7b2796,Roberta,Feehery,18029
70c466a7-cd98-456e-8f13-4e8fd29aa2bf,Lorrie,Christy,19538
8b1dce52-6374-4080-bfe4-c26954e64f14,Emyle,Dalgetty,20339
6b73995c-7368-4837-bf63-865b8e6ff560,Anthia,Paxton,37882
14526e50-6a15-43b8-ab00-828071a8bdbc,Brand,Emby,72629
c9f1ac5b-0198-4af2-8b30-eeb823d8e996,Seka,MacCathay,39803
472f95df-a6df-48e8-9dcc-e9ffce254d68,Mirabelle,Estable,64362
ee8b6cca-4bfc-4317-abfa-f53949a6ae51,Becky,Paler,37039
454b6f81-4d3c-4a04-a814-b28733444fc0,Krishna,Fludder,29045
1499976c-bb95-4666-bcfa-81dc137ebfcc,Siegfried,Ashmore,43935
1fcd5a20-f2ee-4d76-8ce7-c2037a9edc0c,Andrea,Waslin,66725
a571c634-8bd2-4cfa-97a8-47ecdcb7dc66,Letisha,Colquitt,55658
32586026-b86d-49a6-9d83-3acb913bad14,Belvia,Deveril,93368
287da540-6902-472e-bc8c-e8ae3be5f48c,Jasmine,Scrimshire,91048
3a8f54c2-b43c-4a88-85bf-d6e9e605c3a3,Gigi,McGurgan,95533
d2a62f18-b2a6-47aa-9498-7be9918ab61c,Erskine,Doll,26524
b032aa17-9708-4013-97b0-d073b9f85189,Lauryn,Phillput,6156
a28c7fa8-6836-4727-beab-df5a76ceb6ed,Pablo,Bumford,35341
26caf1aa-a5c9-499a-bf70-6c044d61275b,Idalia,Clyne,53521
527a32eb-c0b1-4b1a-ae4f-39b0393bcbd8,Merrill,Gallier,79261
b70c69f4-ec08-48fc-8f0f-88716e1d07aa,Cobbie,Ethelstone,96751
c6f5c5b1-8823-4cb9-981e-6f8e893b0a8d,Horace,Landon,73750
30a544dd-40c7-4df2-9250-88dbaaa804c5,Joly,Reddell,99969
df00b11d-fe60-4d2c-ab56-a8c685d59832,Neall,Cragg,69454
0994c262-dfa7-4896-8bfb-45459d1a1a9a,Rickie,Jahndel,59271
49f2baae-38aa-4647-9fc3-df0af394aaaa,Lisle,Villa,35393
e561cc16-fe99-4c7f-9813-7f5207a6cd58,Mayor,Paur,32440
adc24025-1071-4b8d-89da-8e6c60b181bf,Gael,Tigner,13891
31d128e3-8062-41a3-b0a7-92ba340e364b,Deina,Whitnall,60042
9137ae07-1372-4774-b47d-f2426bb61d57,Domingo,Redihough,81110
6e97526e-7baf-42bc-866f-5a2ecf1c4b25,Brock,Glander,65208
3409572a-e9e0-4ecb-9c09-dc7873dbdc5c,Gracie,Edghinn,14637
b4f34dc1-e048-42a8-8ca2-607c21050949,Ronna,Andreucci,76745
1d9691f2-4c32-4b17-befc-b29eaf29566f,Isabella,Petrenko,20600
ff6b628a-0161-4e09-86ac-cf166490f1e0,Angus,Saddler,52077
2ebdb3cd-1399-4af6-9a5f-1ea8f0ebc0d2,Miguelita,Eldrett,75050
d09b027e-203c-41fd-878f-c9f0f75256c7,Margalit,Dowden,33444
04084f77-0f12-46d8-872a-5372c8106c85,Rodrick,Bushaway,84165
d74aee74-a7b5-4773-ba17-3c2c64071f54,Berky,Pavitt,71869
230f3075-d660-45f1-a379-3c8fce85ffb5,Giustina,Flobert,44041
b056be9a-8363-4b99-83d6-966cff58f8f8,Lanna,Bogue,85486
1c4a8ebb-d02e-4a52-86b1-513fc272b5ce,Cherida,Vitet,64247
2d4373bc-6a56-4dd1-a60d-a078f71cc112,Merv,Rutherford,17721
0a3e9988-35dc-4b01-ab9d-93497c052a7c,Jule,Hurich,69485
bc4155a5-7907-4899-a8d1-b36ba97b382b,Brinna,Augar,37657
1adb8a08-1f05-4bc3-a6a3-b3e784c92ea6,Chevalier,Dalton,88690
d61d6783-a390-48a3-8378-46539da2dffe,Penelopa,Andryushin,98072
171e8b1c-75da-420e-a500-b195497efd89,Artemas,Ahren,97659
412f1222-b157-4bcf-b5f6-a41014136803,Sibbie,Griffen,61827
9c72ef14-a275-437c-92a1-e0028403d3ce,Michell,Pickton,89544
6224569c-acf9-4c38-a9a9-96098b569afc,Ardath,Pitts,25652
54ec4626-c44e-4725-9e81-91d25a9ae5d1,Ardys,Deignan,9423
d65741fc-6e8a-48e4-8dda-99c0dbda9ef9,Aurilia,Caroll,74359
2392dc6f-aac1-49f5-9c82-87f752cc4838,Stephannie,MacCheyne,82218
6a34be8c-6251-45f8-8e73-8e28a32081ad,Bernadine,Ruprecht,7976
2be55bb5-f780-42ca-9bf3-b816a710c042,Betteanne,Stenson,55445
c28fa0f0-d450-4bc1-a8c3-fd6c4d95b1ae,Berkly,Storre,68414
82190565-3de4-49d3-8167-efd84d56a8a0,Gene,Domm,91765
e441e640-bfb9-453c-afbe-06699b90bc9a,Marline,Rowson,90012
dd7a46f4-0679-46c3-b078-3bcd476ebd7d,Devy,Jakoubec,83080
059a7f14-3a36-4673-bd96-47e9a0f74f06,Mattie,Massenhove,63257
aab96fd9-b40b-40c7-8103-79cd2c6dcce4,Stacy,Pawlick,25411
82338c77-03b8-405e-852f-b1a49813b3a3,Claiborn,Pilling,53621
d5f52882-c24e-44be-b0a9-f022e83931f6,Sallee,Siddall,94356
4dc51333-6d83-407a-8419-c18be5a4a738,Aubrey,Hosby,42650
3f422736-c37b-42c0-bd1b-56e3abb80561,Jeanie,Headings,18188
67afdc6f-05c8-4345-9d32-c338f474d492,Travers,Darnbrook,31436
6731a223-14f5-4b5b-8248-7d875c8fcfd7,Gilemette,Pimmocke,4009
7b687eb2-6923-42ed-98c0-e1838181f3a6,Zedekiah,Bingall,98871
39214036-4bbf-4db6-9cf6-e0eb3a405e2f,Denyse,Robic,56567
0dadadab-c094-4ca2-bea0-a490291ead83,Kenton,Henkmann,44608
41bd4e9f-2bd2-4803-b781-14c71c31b797,Drake,Haynesford,44299
80a22e00-9e63-4ac2-97de-4033b2bec394,Ky,Phillcock,80024
9860a257-dad1-4574-be8c-ea2b41863a92,Dorolice,Brawn,86682
4211d3e5-cbc2-4262-8105-1a392de1208b,Lev,Kisby,76204
7a91129c-8517-4c6c-b70d-557245ec9329,Dun,Bodill,52330
7d6b3bc9-edd7-42c3-9e5f-442982424303,Tyson,Trorey,73711
a1b701f8-9ee6-4e69-8327-426d533ea266,Timothea,Fosse,77100
aec678fe-99fc-4ccb-92ee-0a279538954a,Mohandis,Stelljes,97400
76dfb591-18d7-482e-b92a-fa9c5dc63b47,Hy,Maddie,16858
ee85f61b-7245-42ab-b91f-7111a3180c3f,Edmon,Minmagh,66679
0f8f3339-e7cc-4d99-ac9b-c9739ccc6d34,Alyce,Janous,38063
eb94ff9e-9866-4247-848c-52973f299156,Freddie,Mulkerrins,64547
fd742707-b696-4203-ad44-6c15a243d4f1,Wang,Goalley,87183
bc4e3a86-d6b3-4aef-8a69-8c37a7e01ded,Kalila,Whitloe,49928
4266e25e-53c0-4280-9e7d-91fe5ee8bb3e,Frans,Brawn,8252
7c843f92-b405-4135-ba7b-6e8f5fbf2825,Marys,Beaver,39203
2efd4e85-60b5-47da-88ab-d5ced574e03e,Gunar,Skip,97101
d2a24e3b-46be-4566-831f-f2d44faed5f9,Zebedee,Everall,97485
a29ee0d2-ed70-49c0-ad7b-a52b55f67e9d,Pete,Loughead,68624
a792ae37-733d-41e4-b971-bb063dd3a666,Helena,Schukert,18471
7b131b18-dbec-435f-9061-40ec412f1ebb,Eddie,Stroban,38518
6614a87e-5730-4c0d-a8fa-596ec9b9e712,Sawyere,Ondrak,68756
c93c48bd-ab41-4054-a0b8-8150ddc34132,Penn,Sporton,38990
b20e61fb-3d70-4d07-bfbb-131993a96ae6,Isadore,Burnip,99081
b4946c92-64d2-414b-8e37-61cae7aca2f6,Angus,Gotthard.sf,40380
45ec1a01-9bc5-45b6-b016-cd3e29713a18,Raimondo,Whimpenny,27274
b75eedf6-359d-4aff-acb9-95cb319fcbdb,Claretta,Drinkwater,35210
64a84870-0a4b-4db7-b518-ce6e3fb23d98,Elfie,Bolver,44379
a29c5ad5-66dd-4104-a697-4bc4e6fccbbe,Veronike,Housecraft,64736
60a7b849-92b3-447d-a75e-a71252cdce09,Shirl,Brignall,72563
26a5d980-dd54-4e8d-8c2a-648bb173ad8f,Felike,Dillingham,38155
d71da58e-86e4-4f26-a70f-644cdbca2061,Michail,Robinette,63327
1ba012b4-a523-4a86-bd6d-969922e78cb7,Linnea,Whiteson,49029
eb143e58-0fc8-4b8b-9b1d-f7b67456be24,Jobye,Cohrs,6898
3925baa5-e398-40ae-9f73-e82a9efc0b4f,Ganny,Luetchford,29595
38f55da9-e894-45b8-a33d-e3e6b2311cc4,Cori,Phidgin,28392
018945d1-0de9-4a02-ba7f-ba8888dfea78,Kimmie,Fotitt,87265
3d0638bd-23b4-4b9e-bcb2-d71539ab52d0,Shep,Kordt,55923
87586915-cf2a-471e-a482-9efdcc76ca18,Erskine,Noye,45140
7116edb8-e2be-4648-9051-5774a883cdf7,Casar,Haslock(e),36321
beb7ddde-f211-4a33-92fb-5812af07b8ed,Conrado,Molder,9643
4936ca1c-e1ca-4a06-9d77-666d04cd49d3,Garnette,Bendix,11746
5972a82c-df2f-486d-9bdc-6fd45d87e318,Ange,Dorrington,28498
fa8352f5-a7e0-402e-b568-e0d906861a2b,Suellen,Kroon,66455
355e879d-2275-475b-ac62-4b5c4b6c80ee,Penn,Bellini,65572
4b30fe1b-9cee-44ea-b797-606122eba743,Teresina,Whenham,78955
4e8b95ac-3bd7-4513-a049-731220133b99,Vivianne,Allonby,28251
5add76d7-2731-4f12-9e5d-8181a0391aa9,Sascha,Chad,80025
ab967f31-0ea5-431c-a012-6bbfacb8d47f,Mendie,Brownlie,6953
4ee7997d-07f0-4c9c-a394-3a6f799b943c,Marv,Muffett,82549
90539cf0-7168-4696-9abb-bb106ac48930,Ruperta,Dislee,4543
1d7bfc55-e039-4bbe-ad46-6149b14c0740,Peri,Woolgar,64304
28250200-a8de-4247-ace9-d51129e4aac9,Dorey,Pirrie,61297
72f3f8fb-cd24-4de0-acea-b2e71f7c18d1,Florentia,Rabjohn,91861
611e8892-2b69-4fec-a501-bf5b1eede766,Lesley,Gething,85496
c924b217-d642-486f-8c4f-9308789766e6,Grange,McInally,84462
c60a82e2-f7ac-4c6b-a7c8-9711c7b46739,Cecil,McFarlane,28351
b57c64f9-ba05-4250-9859-8fdd78de85a5,Kaylee,Garnall,66865
e7635fb5-712f-46c3-aa54-b39f39d7d85a,Igor,Sitch,61524
018a4e54-1681-43fe-93d3-f24da37e30ff,Melvin,Simchenko,40595
980d978e-ad7d-4342-b633-22a60085b9ca,Gabrielle,Itzkovici,77606
f6fca555-9231-43ed-8eb7-c3e946e17300,Paul,Ensor,17004
35939a9e-651f-43ae-9dd0-2ed60385f357,Darryl,MacGauhy,38754
fb244f3d-d74e-4197-b5c5-ad4bd58faf24,Thalia,Roche,33155
d1452e3b-d171-4f3b-b64f-d3d4a9d83d7d,Maxy,Grayston,58609
750895d9-391a-4995-a439-21e9e080a309,Esme,Tindle,54339
c8563bb5-31da-41fc-8739-8c92a3203b5a,Bartlett,Vivers,51844
4d061707-b313-4dd5-b617-0e9cc9770941,Kitti,Acutt,28551
0904f619-ea1a-46e2-983c-d106cddba5bb,Shelton,Eckels,97802
bd9a304a-a40c-45fe-8d3c-3385c85095ee,Paolina,Pocklington,71281
409bb0d3-08e4-4e47-ab60-e473d4bb04cf,Lucas,Reedie,26797
ee4131ab-2a41-44ad-b595-1cd451389a3e,Peyton,Bromfield,34177
3d88ffd9-6f15-4a73-ac86-5558e55a3fdd,Gabrielle,Jaques,18837
27aa3336-ae51-43ca-a616-0d4baed01de6,Bradan,Cheke,59338
3eb1f3da-8ccb-46f8-923d-ada79861253a,Aluino,Ponsford,62407
a7cd5ed9-0c1c-496c-8167-e432a0e8b618,Rowan,Gorch,86726
ce85086b-0562-478b-b612-c678b9dd624b,Deeyn,Geratasch,52133
c354a671-e61e-4fb3-9146-57774ee6844b,Leonard,Blazdell,16672
439eb9e1-6136-41bb-890e-0d4420300df7,Valry,Longfut,17217
48e39554-a577-4a0b-829d-1ae6b203bf7e,Ava,Sainer,23619
055cf33e-2a83-4eb9-86c1-5b190712aaa9,Rebekah,Piburn,91825
cb213242-4237-4042-8a5c-dfcab7144839,Ivory,Fairlie,42766
69e2dd32-d1c0-415f-b769-f95cc3cc8ee2,Christal,McDonand,66357
c063cc62-5e71-409e-a0de-1027f9026e1b,Mahmud,Gittus,95738
1633545d-c62e-4ec2-a5e0-253999cc00e5,Becka,Phettis,25884
26b059fc-0065-43f7-a2e9-e485fa4388f4,Helge,Dowe,37506
fe3b14b2-bce6-4052-832a-9993f4ce1a87,Mahalia,Lebbon,86797
7248662e-f0e3-426e-bccb-7458cd648f1c,Nerissa,Considine,70445
66dc3db7-865a-4b23-8805-645fe39e1164,Dionisio,Leathley,32400
70bf67d6-6f51-4ec3-afa5-41a7a216a9ff,Isaac,Assante,96113
1d609d47-45ed-4054-a5d8-c745fbee4500,Mikol,Harridge,60047
3ac320b9-ec62-4579-8e34-f37bfd1cdb26,Mildred,MacFarlane,55249
904d4ee0-a84a-4620-b334-51b7cc65e89d,Larry,Cansdall,89891
2b596816-8bdc-474a-830a-e8c1b9443e39,Lotte,Jentzsch,92270
c9bd32fa-1461-4706-b698-ddfc3d34e04b,Samantha,Ruffle,11801
0b9fad43-e3f5-4a21-877e-90542283465d,Mariellen,Varndall,7161
05040193-718c-45d4-b2b6-d02cd49ee22d,Paolo,Riep,96558
935b1bd2-25d0-47c0-ac81-af3c936189c2,Tucker,Keam,40990
1acd9c41-e1ee-42c7-9043-d7fbe311bb7d,Eli,Van Halle,74639
cafe301c-e795-4b1f-8837-d200d1f20457,Ulrike,Brownscombe,78245
59712149-3627-43ff-b1ce-3416aec21601,Joscelin,Turmall,11683
04f81953-286d-4dda-9c01-f0bbe5eda7b7,Clark,Bilverstone,12057
d9bbbf53-daea-4112-b59d-a00c273bd530,Reggi,Soonhouse,55785
d11e000a-1df0-4260-afb2-2603e085644e,Arin,Rowlings,66827
0ce46547-d62a-43f7-88e0-91cc12626096,Hayward,Reasce,18227
449db21d-e7ad-4cb3-9f7c-7aea6663f654,Casey,Godbolt,62222
da063d9c-c4c6-4e8c-a53d-dd60984602c4,Janeva,Becconsall,21557
1a767b31-1dc8-4b5b-8d88-271240f3cf29,Damien,Sidlow,85794
ec5e7134-d14c-4462-bc8d-993e8e9849a7,Paxon,Zanetello,78631
687a0837-e05b-46f8-9033-f09e92968dd8,Alano,Jado,99965
18107f21-1399-46df-b257-8ef4a37fc5f9,Hyacinthie,D'Agostino,41190
b1617699-0b50-4a05-a4f0-486081cd8a57,Inesita,Ayris,55347
f0aeba9e-2253-4885-8a6b-fef425484c55,Bryn,Tartt,9738
128d5898-9ca8-47b5-8e9e-ebba684bdb21,Florri,Darch,87443
72555f1e-5686-4512-bb83-0e23ad080630,Jerrine,De Ath,11383
4d6c4842-599b-4d14-bec9-080a192b15fc,Bennie,Thorwarth,57950
7cb98af7-7cb7-4d08-8be9-353d7516b826,Floyd,Gandey,12959
3c5bf106-1e6a-4d74-a27a-d226430c8122,Gram,Hebard,81099
ac40e539-97e8-404d-9f24-f105df014ead,Gayler,Thiese,91887
e0c433fe-aa40-4cc1-bc0c-156b09a0b282,Gearard,McEnery,54061
4e53d3aa-68dc-49ab-9b9d-0d56ea77f6c7,Cosetta,Abad,27874
70875969-1790-4bf9-a1c5-0f4dea2455c0,Emmet,Linkie,79709
2b54c615-6d4d-4179-9556-63f2300a6901,Trent,Marder,45804
3a79e9b7-0793-4673-82f3-a2275b106cbf,Tiebold,Antonchik,39438
dad4ac3b-640e-4662-b29e-cb683de080b5,Julita,Branchet,74050
cb2bd213-1068-4dd9-9e2b-0d0eac5ed6a0,Jacinta,Lutas,66733
3e55f5dc-15c8-4669-b770-cfc785a3688f,Gwennie,Beringer,98386
1bcde3ea-a71d-4572-a2aa-565a8e737eb4,Abraham,Leborgne,44721
2a887eb9-9678-440b-891e-c7af6da8f45f,Flint,Salvin,16166
d8a774c0-2252-4a42-af05-3206459c9c98,Packston,Cicco,80376
e0590ac2-eca4-40f7-b9db-db2e9586f3f3,Dara,Ochterlonie,8576
c072b532-6c5d-45e5-b1a6-3a14e4f6c1db,Moss,Dangl,35754
16a7b8d7-b21e-4a17-96c9-5fa1348c151e,Ibrahim,Turnor,71936
0ab7d6c0-798e-481c-9e93-c02de03b0068,Shem,Lowther,33749
2c4b7b2e-6af0-4384-b79f-2f711860bf74,Katerine,Purdom,72180
a0006c01-1063-4bd4-84d2-6a3b0d34a352,Biron,Denslow,90421
e3d5d3b0-8f23-4444-a8ff-14fca4d02ebe,Sherman,Guyver,91413
9a037da9-3814-4405-884c-0c83cae8ce83,Berton,Gerald,82881
dd8146fc-3d20-48c6-8499-ad1692bcb4f8,Cass,Mytton,86856
3edf4b40-c759-4c1d-9723-d45ad69d6f73,Marge,Parlott,97093
14c6b949-3c2c-41da-91e9-797b2e8174c1,Randee,Ovid,13093
990edae3-5f38-43ea-bf09-14c4a6cb63fa,Maureene,Cardenoso,26827
6d56e231-0412-4f2f-821a-5c0bf63a9086,Woody,Kent,60557
451f4130-6dbf-4bdd-987d-07b7bac43c24,Clo,Lander,76508
4f2f98f6-9759-4236-8d71-3c8dbcd553ce,Leesa,Lancashire,59633
b29ba298-4156-4161-b3c0-d720bca7a10b,Lucienne,Chieze,23490
01957f47-ac21-4917-a4b7-d245270d44d0,Bernadine,Faltskog,68297
373ae962-4dd6-4a2e-a718-d0715e6b2abe,Catherin,O'Scannill,64253
bb9d1da7-eae6-4cb2-9dcd-0e9f4d36b028,Ebenezer,Pidcock,57463
1198ee5e-3176-47df-8dc5-cda48cefbe02,Dougy,McBrady,55251
54f3e580-ae1d-4015-b119-86d4ea90fb37,Eugen,Lamort,82684
e3288e22-b9a6-4ba7-9c80-bf1de1182399,Wini,O'Teague,75926
8f170db2-8633-4db7-87aa-df746745c1a8,Genny,Harfleet,93811
acfca2fe-c1ff-4e48-90b2-212dacf24d0d,Monroe,Irwin,9447
4cbd3295-de52-48d4-8f96-16d342764c26,Giffy,Bernhardsson,69809
6b00f3b8-9ea1-49c7-8ba2-f0499e5b6fab,Joellyn,Diss,47970
832b1f4a-a674-4d8c-814b-82f695b6c9e2,Torrie,Minett,30939
61a923e0-426a-48d2-9e72-08f2fe3843a0,Gifford,Carlucci,34479
918747f2-f7ba-4f82-a1ab-df3e502a4bd6,Robers,Theml,90860
285b7caa-8fa1-4488-902e-03cc34baeabe,Joan,Cretney,75787
ec542efa-d424-4fd7-8b67-8918f72f747b,Sosanna,Bartoloma,85317
48bc5fa1-4140-48ed-a66c-924b29b92b39,Chandal,Mangan,60155
d21a1992-278a-4bf2-b3df-2a08151fb4c3,Shirl,Mugglestone,67829
91acee6b-2487-4c04-b036-f9d92a6102ac,Jodie,Ayre,62998
b7372dba-e449-4cda-9251-b3c0efb13f9d,Derrek,Hallworth,11076
e87f29fc-3dfa-426a-9f63-bb3004411c7f,Riane,Chivrall,96877
1bf1828e-bcb9-493a-b0d9-73734325296b,Humphrey,Headrick,89107
8d0150b8-2bf8-43c6-9805-22aea533e976,Cilka,Guitt,37845
d9d023e9-7dca-44aa-96be-e620e7614673,Melinda,Anstee,91588
1ed6245d-d2dd-4cd6-9596-99c759cf4d52,Daniela,Featherstone,92912
ab05da58-6c89-4b34-abda-624e0698d7d1,Stavros,Gleder,85930
fbf21174-654c-4ea4-aada-de3740adafbc,Nancy,Goody,55696
3d19d140-b5e8-4fbd-bfc3-7ce0b1aa7628,Dana,Ghilks,77197
bf9afb10-b4a6-4165-8765-9ed3d6f447fc,Tiffani,Dismore,90759
19cc2cad-c529-40bf-b6fe-83865ea701ec,Parrnell,Dearell,72377
e4580206-76c0-4751-878a-9625a703dbfc,Gus,Canniffe,59424
ffb45a87-1ea7-4503-baab-358a12009971,Lizabeth,Osburn,43927
5e6fe5f4-84b7-4cc2-a1f4-60dad160fb00,Brent,Golborne,67834
c355bd30-9bef-41cc-98a1-c7e22b061bc0,Zita,Batstone,11912
012317e5-4c97-4ece-98d3-e065f9a9f8f9,Linette,Grece,47213
a2da5f96-7def-4aa8-8b26-1700ca8af574,Valida,Hoodlass,89618
576dbe26-b2f9-4c1e-990e-191cb17e1d51,Correna,Yves,65646
979b5aa6-3139-48e6-be2b-5581aadcedf9,Nial,Somers,41663
31a897b7-e937-4cb8-8d71-2fa6fbce54e4,Charles,Vest,93819
378cc00f-a815-4098-b857-435cd51a6c0e,Avril,Dabinett,78890
28f5f53d-0a0b-491c-afb8-d3ebceef64a7,Lillian,Greves,92398
b0522f45-2a4b-4d58-9e1f-262d17622341,Eal,Grzelak,67958
1c5014eb-45f5-4413-ae55-4833bc16720e,Bambi,Lyddon,88607
f658ae02-e83d-4bd0-b60f-649cd2a58ce3,Stu,Mavin,36437
16877529-8e5d-4f6f-bcbb-250310cd03b2,Tiphanie,Wesker,67560
9bc5daa7-2493-4a14-823a-f445410fa299,Rad,Barchrameev,47360
1446ba62-ac5d-4580-8dfa-001ea4a5774d,Jens,Rean,98756
81da3250-adfc-4bb6-97e6-0386e8545e78,Marlin,Nerger,14060
99162752-efc5-45d4-b4c9-f4077ce7587e,Dominica,Nisby,22485
1486e5c6-435e-4119-b5f8-6522b73bd46f,Preston,Realph,81700
ed16ae6b-86f1-48bb-8111-0c75ad831aaf,Hayes,Wickliffe,23397
4aaa93bf-90c1-4195-967f-9416116597b3,Zita,Jinks,39067
29e192d0-a32a-4f5f-a00d-e81b340578f4,Missie,Wymer,81124
2eefb137-6136-452d-b0b3-95c35567bdfd,Angil,Moult,12219
b6597892-8757-474e-b68d-e4a56b262335,Norton,Philot,53208
6c213421-0593-4b01-842f-b3bb9112ff32,Andee,Livingstone,50481
19ba351d-dc60-4554-9243-1851d31f95a8,Danni,Markussen,76095
065c4109-7bb7-434b-868e-1c0525a42ff6,Arda,Bosence,85613
33aa195f-37ef-4e84-86db-7d6ffe6b0cdf,Boot,Mattschas,20464
60306232-d9ab-45da-bda5-d83f5bcf3705,Timothee,Alps,18416
712b7be0-743a-44c8-96e2-275cf7707bd9,Pierrette,Shields,43223
f49da1bf-1481-4f89-8cc8-1579f7bdcd52,Kiersten,Ellicock,70636
53dbf7ab-46a4-49c0-a39b-73a650417269,Bryn,McCrow,29103
ef130164-0e73-4217-a341-9ae9633198fe,Leandra,Demann,8371
a4cb621c-c15f-4618-81db-b969c7a3b70a,Lorri,Bahia,96501
0c4362d9-5810-48e1-af0b-692bfbcdbdd1,Onofredo,Andrick,39833
f79c0cfc-7723-4db0-ab15-402cb3d9a036,Vachel,Konzelmann,94550
522b6f6d-733d-4b01-98fa-4568cc94821b,Vanda,Garaway,96544
b6edff14-e03b-413a-b1e9-45cf26017ddc,Gustave,Goldstone,55072
c7ab976e-0b76-41fd-ba53-f656c65fa5af,Edan,Litterick,72729
f26970c9-a415-4d70-a9f7-2155a68564d8,Julina,Mallabon,60864
709472b2-b2dc-41d5-b451-8741cf03dbf1,Neale,Pedican,74202
c1e25a62-1b62-4fd1-9959-85fd13605e98,Janene,Mitkcov,9954
c0b2ea40-7a23-4a8f-b536-26533fcca6a1,Sybila,Patey,76200
7c5127ba-aad5-4c64-a8d1-4d03b354453d,Lucilia,Defrain,5969
4fc65c80-1b4a-40ad-9ffc-a64c022d2d4b,Caz,Hyne,26006
83276914-93c1-4b32-9655-bed42c59fad2,Torrin,Moughtin,37973
1b50575f-b129-49a9-8e1d-6c0609b6ae40,Hoebart,Nattrass,27652
0614477c-4a96-4bfd-a6a1-0d84f043bf2b,Bevvy,Artindale,26379
e337d12f-b597-4eb1-a5ec-81487de204ee,Teirtza,Folliott,75801
7d224515-4a39-4572-a3ca-6a2b255cb63e,Rozelle,Ismay,10778
b94e2687-5b6a-4ea8-8127-67e9561e170b,Nester,Diggles,9011
ced5df6d-3fce-4cb5-9edf-c4dbc43d4783,Zelig,Adamo,33351
2ce0a25f-6008-4c98-a763-6763da1dac9d,Kendrick,Domengue,17073
755c62d8-609b-45de-84b7-1c4a5a7c728d,Bronnie,Trueman,63283
0462e41a-9bbf-4df2-8bc1-156030486a37,Stefanie,Botcherby,40201
d14079f6-40ee-4f52-bf33-246dabca20b9,Cece,Bonnor,20869
4f1b0527-d8e3-4ba1-9d76-2e896de4f158,Tessa,Maciocia,97929
caaf4a11-3f2e-446c-9224-cca030122c1e,Keriann,Wollen,39115
c62c3da2-ef71-41a4-81e6-182b6e6b4346,Mela,Pickavant,97766
a9df7eb6-a6a7-4eaa-b5b0-2fde2274ef77,Brnaba,Adolfsen,55912
b0d9f748-07c2-4812-a105-875f86904ead,Caro,Ody,56287
8e170593-ca1d-47d2-8048-f806ff6246ce,Jarib,Cruickshank,55486
7cf3b634-469f-44bb-abe0-891d787cf51d,Timmie,Kirrage,33783
c9f26c4f-1a3d-49fe-b8cf-141e689202f7,Ritchie,Mansell,21846
499f1085-66dd-4eea-b018-21542108554b,Farly,Rohan,99758
17c5bf4f-53d2-48e0-808e-f447f4fdbd11,Joly,Roddan,98284
548a1a11-df9d-4b9f-845a-9b176599e8b4,Cati,Cormode,75913
9584d071-6eff-4989-98f9-03d006270b70,Galina,Alp,73494
f868aba2-9c3b-4647-8eb3-efb36babaaf0,Nissa,Abby,41524
8835d8e9-1c8f-4d38-8363-016312b56511,Morgan,Eggers,86602
285a0496-46d8-4103-80a7-098896d80fab,Bea,Roose,24341
c89c840f-c8e8-453c-95a9-3967a39f9abc,Jabez,Heggadon,77814
3783e318-b7a3-4311-b5d7-9ec6441e5228,Trey,Egginton,22469
caedc348-8304-4f8c-b38e-abc01208608e,Clemmy,Cleaver,63943
0e59456a-9a99-40c7-86a6-1049e61dd084,Corbet,Burhill,68667
b97990e1-b9f9-4d5d-9c71-e4e9698250c0,Kelcy,Ripon,19619
f4d4f93a-6392-4e3f-a925-51db9faaa344,Rhea,Moran,89565
5262f712-9437-4442-913b-0c405f46d0b9,Woodman,Brumen,22397
8d5ec92d-0a5b-429e-bd12-2b120b714c0f,Welch,Domican,39629
aa0a8f27-582d-40cc-8b94-47e372db8640,Dagny,Casale,80775
902864bb-a93c-4444-8aa0-9fe011e91078,Frederich,Tuffey,12129
78f338bc-4b86-4d0b-b0b0-9417253a7be9,Gabriella,Dani,75320
4d8c35cf-5a17-4628-97d3-365fd77d5306,Bryce,O'Sharry,30586
dce35777-a34a-4679-9e15-3779cd37b165,Melisenda,Mottini,41631
7217a2ac-0028-465a-a9df-b6707ce3234f,Erik,Tungay,56304
25b3cb97-07fc-46c9-9eac-7eb1b6e67c9e,Hirsch,Miquelet,52488
280a628c-05b2-4948-8496-7689b1faea41,Ambur,Hellwig,66914
ac2ada8c-92bb-477a-85cf-f332da306abf,Michaela,Fiddian,28237
511b4660-be77-4c1d-b06f-9046b2701086,Sherye,Gueny,12474
3cf5e68f-240c-4c16-b915-c3f7851347d9,Brant,Klagge,44027
1620d294-f401-4103-bb8c-dfc221e39438,Jocelin,Baum,74744
896e9985-5777-4599-bc63-29b959909636,Andrej,Lansbury,54309
5f250965-56a2-498a-857a-48185a8999e6,Charlotta,Skillitt,68391
49c7b91e-c561-455c-9bee-9061f10c0bc8,Simone,Hunn,90490
8261e712-20ef-45c4-a64e-ebc21c1372e6,Donelle,Stobbs,71336
65a7904c-4d92-42eb-b097-68d4dc56f2ee,Hermann,Colombier,67201
5051403b-9543-4e76-a05f-6c70b2e70041,Tedmund,Williamson,59837
4bf941ad-88ec-468a-81a0-a3e6850daf6d,Hunfredo,Aspital,21495
7713ef8f-6e89-41ca-9f42-6c4bc47bfb12,Fenelia,Trounce,96721
b6379fb6-a2e0-4882-a396-b8fc961ee6cb,Kristos,Klouz,31291
12401c47-84ca-4d18-98a1-bcd48238a673,Winny,Pitchers,94025
1ffcc596-edbd-4f9d-8a53-2a9a22110615,Dedra,Ackenson,85804
1ea4b1a8-74d1-413b-a79a-4e453121c5ac,Gregoor,Polkinhorn,80366
4455bd67-185e-44b8-ae5c-926d2932d7ec,Dun,Slayton,67107
bc1b9d55-7266-4cf2-9427-fb2532168ac2,Aubine,Tallant,30260
46b25314-f650-4cd7-ae12-5c49262eef35,Hayes,O'Dowling,66559
561c72b2-f336-436f-b18c-b12445f245b0,D'arcy,Done,48838
24160450-1c2f-4aa6-a980-9a0851244fbc,Morna,Hucke,75150
067b0a3c-c31e-40ec-8ccc-f856a5b27006,Jacqui,Hibling,53691
4caef5fd-b823-46e7-8448-1dc3206ae736,Culver,Plowell,56722
c94c2ac3-fb37-4ca1-bb62-36d4d88c719e,Brigit,Emblem,94478
8cc30c92-484e-45d0-a7b4-7a0be3b64c5f,Kamila,Maidstone,59746
f38c9433-3cc6-4bb7-99f2-5e84afd43fc0,Kirsten,Dallimare,54595
055e4ee0-a05c-4e49-9ed0-13e4919cd83c,Aloysius,McLean,35039
feb74f4c-1eb7-4dfa-9657-22ea3be54b90,Luther,Walklott,88658
1fbf5568-e58f-46c0-b359-da583347c78d,Andrei,Shakesby,67349
130a0442-6b84-4d20-9930-d81bf3ad4d26,Taber,Higbin,11186
b6464693-2780-43a6-9548-d91392b88382,Camala,Servant,6565
e4616b39-0fef-437b-a1a6-e17d427fe220,Betti,Witty,99076
e4b4abb5-4799-4b06-a622-b3528719f4f1,Jacobo,Povall,24704
26a5ec90-c847-48d6-b877-97637437bcff,Thom,Pickthall,34253
6b5f8a63-2661-401a-90ea-66b8272d7c9b,Doy,MacRorie,9191
be6fb869-324f-4afc-8e38-20f36fa8cb3c,Kerr,Ajean,80821
4c450b1f-2986-4b42-9ab8-754308e076b7,Wiatt,Garoghan,8969
f6e3c2d3-e7fb-42fb-a950-3c9be90d9862,Cally,Jantzen,16482
6961c50d-0d9b-40a1-8b78-2f9ec85b50f1,Jamaal,Nind,84470
cc5570f6-e955-4a0a-b0bd-e96bc34c1a90,Denny,Hacking,70899
aafed130-0c03-4180-b75f-5c8e906a737a,Dulcine,Secret,36499
d6a49ad5-6d70-45f4-b663-ab724707ec9c,Kaylyn,Tomlett,6870
fd711c87-72dc-4843-b83b-cfb541247d43,Baxie,Van Baaren,34351
29a53613-0ec6-40d1-8ed8-bf418ad144b1,Rayshell,Tie,78857
94483ba3-6f1d-479f-9762-f306c8caa97d,Leora,Huckerby,78123
e83f7178-68e3-4a76-ba62-a5412f41b0f5,Gabbie,Worlidge,33216
70f221aa-c934-4a5a-bc51-03a0d361cc8c,Bram,McGrey,5035
76e58982-64e4-4d0f-bbc8-160fc39fa484,Terri-jo,Chable,70652
1059ca69-2bad-4e3d-9222-9d0efe69e7fe,Huntley,Hamlen,81835
f4281466-202e-4aec-911e-5ed391ff3e8c,Poul,Teodorski,96680
ef42c5ab-28f7-4830-b94f-021ce15b19d3,Nydia,Baldacco,55321
55d6b6b4-05e8-47b4-8a27-5b447468384b,Roslyn,Garman,46696
fb3e208d-6fc3-43c8-a368-539bddc6cae0,Kyla,Booton,51901
236ada22-5042-4125-ab85-c2d2cec26034,Harmonie,Pamment,69854
0bf9f5bb-3df2-4718-999b-f8a5804d2e93,Tomasine,Rixon,8906
be88625d-ae92-4ac0-b924-d055093ce339,Kiah,Muselli,81720
6be8c4a3-b7f5-47f7-9709-497285f3e628,Jasper,Mattes,58875
1cf4da87-480f-4a5d-8c53-0dab5457d21f,Massimiliano,Rayment,5839
f0a5c175-019e-4e87-9fc5-c0f976f733d9,Lacy,Dankov,36181
49ed43e7-6f27-4e14-a424-0a41871af37e,Carole,Dupree,18701
f82d5f50-5b81-43c8-a600-62f9bf1fe9e6,Dina,Harman,67132
36c144e6-9214-4104-81f5-4daa0e627576,Randene,Malcolm,18887
868b85ba-5f01-4ea1-8ac8-49334bee817b,Evania,Budding,23323
c4b53014-600b-4b64-b161-dc120af39bcc,Beitris,Butchart,62736
0e97ded6-1a54-41d6-be95-cdb8b7769a0e,Kaye,Botterell,56222
54a21611-8407-4a98-ab91-ea11aa3b8614,Augustin,Vannini,41818
2b9add7c-a26b-4aa6-9cfc-8ec5d8b6ff26,Ingamar,Gosnell,57277
58b174a1-d42b-42e0-a5aa-d2cfac0f2c42,Blayne,Laurenson,20922
efd7ac31-c5c5-4bf2-b074-6c2508c21dcd,Huey,Hardes,9118
ddcae575-21d9-43b6-9e7d-f0f3b3a3df26,Sancho,Bagby,28284
8f36b415-4f9f-46ff-9cda-c3d80015aa01,Odille,Von Brook,39636
0b55cfdc-7db9-4321-b97a-a1a046d3e5a8,Gwenora,Houlahan,19309
2f2a3f9d-61f1-4e1c-ab2c-3dac41fec912,Lanita,Sallter,94786
37a53d2a-d428-4527-b3a0-65fcb88d885f,Travers,Redgate,96936
417d3dc9-dad6-403b-b320-359070ef7554,Page,MacHarg,84572
2b0f6a96-51e6-438f-a3c6-85806702f54c,Rees,Mannock,83130
391879ec-64ae-4c23-a717-78b0980a6514,Rafaelita,Shitliff,49646
eda142de-3e7c-4820-ac7e-31bb5560f996,Haley,Martinie,52771
c8a11f12-b512-46ce-812e-5e8b761f7924,Nora,Kenna,89982
282963b6-5300-453b-a666-0f7bda8e2ee2,Sue,Busen,85893
f8d34646-0151-42cf-bc15-e3c9409ae030,Pascal,Ardling,48105
e4fb6282-8a94-4781-ac8a-dd9feaa05ac9,Sharyl,Bratch,75147
5cef3fa6-f36e-4ba9-9ece-1e5add534c27,Jobina,Munt,49947
e992abaa-213d-42ea-8d61-be8af70f6d34,Damon,Gribben,64974
c16ec67d-319e-47a4-9fa2-933fa9290a22,Julita,Bulgen,50471
f740b23b-54a9-4df9-ba1c-7ed3c6be61a2,Keefer,Garmey,43651
4d07bfdc-72dc-41a0-b957-398222046c70,Maximilian,Cerie,29425
0031d62d-e1db-43c8-b6c5-95468b437655,Al,Zannini,45169
430f476b-3e92-4f0d-aba7-dc6db783cf06,Desirae,Simester,95095
a98beee9-a1c8-4625-bcf4-0b892830f2fa,Eve,Wraighte,13146
ff6bb742-160c-4c19-9fb5-b10707914aad,Donavon,Imorts,44161
76ae5cd7-a639-42ee-872e-8d8ae9ac636a,Arabela,Merkle,45442
95be5305-32fc-4d3c-b823-79b52810a050,Lexie,Schusterl,44826
c7263ced-592b-4fa4-ae5e-4010827d4804,Davis,Corrison,20461
f9f373b3-2bae-4a71-b9de-d139b644f060,Janis,Pavier,48853
9818f13f-cfe1-4ff7-8930-93d37158b312,Mab,Morat,7562
84edd099-1d0c-4016-b578-3ac81073f0fa,Sile,Domenc,4831
4fb90f85-49ee-4ec0-9672-e8409f97471f,Mollie,Maker,61065
7b0f297d-832d-4c69-9fa1-a5f55262fd7f,Maegan,Geal,7796
bfa8391c-34df-4290-8697-e8ea5c77eef5,Eugenie,Ferras,97719
4ee9dbd5-cead-4a10-ba7a-33cde226bc0c,Guillaume,Molder,35984
c617e105-ca4d-4c77-bec4-8e43a4f39bfc,Dew,Ashfold,96337
12f07359-2c09-4c9c-879c-ac73ca2cdcea,Kerry,Le Fevre,62103
0f081a12-4134-451f-b414-3bdc04fbc7c8,Urson,Briztman,72371
2646df86-cb02-4605-87a7-0d6af711f3c8,Hettie,Knightly,18090
bb2c0d7b-8109-4bef-9578-207cb5805a75,Ezechiel,Brockherst,71227
333428b6-552a-48e2-806e-3ff3797ab2f6,Verney,Handling,19039
a16aebcc-78a3-496b-852c-0967eb770dc1,Bill,Yersin,47744
a91882a8-7932-49d4-ad3a-d4172628c4a7,Linette,Nield,20565
5ea82109-1bd2-47fb-b85a-75f567ba891f,Gena,Tucknott,78382
7fdbb02f-eaa9-4540-8710-95f38ac80b29,Donaugh,Edmondson,30481
5c96d4ad-8718-4067-ab40-c15600acb89e,Chevy,Boatwright,61418
22ff2bd1-500b-49c1-995a-8d32279129c5,Kissiah,Stobbie,19538
c4ae0851-495a-4a13-996e-ce8b94f4e935,Rickey,Heffron,81341
be72a450-023e-4394-b5bd-c3d9483c8dc2,Terence,Abramovitz,48996
e5064473-b6a7-4b34-989e-b2523b567097,Dimitry,Seif,95258
820eb4c2-668a-4da2-be04-89f951ce8a85,Monika,Bonallack,31341
e256cdfd-c124-4984-93ca-252f44e26628,Peterus,Bedell,68162
6a73c43e-d399-4eaf-bd17-b2b62fc85385,Jan,Bury,33386
c5be0676-76fe-4048-93ff-2d7b027a030f,Filip,Mumbray,43946
0a23864c-0433-472b-b5e9-ddeb12c76fc4,Selig,Sicely,54620
031a0a63-35d6-4d64-8e36-2a540962d494,Reinaldo,Gillison,20352
8a956286-a473-471b-85ce-ecc65c7f98a2,Darin,Reilly,90644
b6f53529-057a-445a-9970-2209b12e4be9,Annmaria,Brobeck,16588
425501e0-a4c9-49d4-b48b-a1dee5c231e6,Hurleigh,Hakey,6721
66d1e8a5-fa2a-4eb3-a452-76f12a3faf98,Westley,Rock,84128
26c83366-f783-4ef7-92dc-130e3722131a,Chelsie,Barwell,44837
2c2ade80-c20f-41cc-9ad0-8557e5888a43,Cathy,MacCawley,54112
7eb649bd-1e80-48a5-96fb-15a52c39a01d,Norrie,Braywood,29118
85dbfeeb-3e06-4b25-ab80-16ec170a706f,Woody,Ramsby,65117
8524660e-717b-4043-becf-3a3ea0be50a8,Francesco,MacGlory,10247
aca1719d-69b0-428d-a8f6-5ce7cf1a056a,Kerry,Threadgould,61646
2fc46e78-80c5-4626-810e-8cdf7a79dc4e,Tristan,Farnhill,68376
eaef2d60-1b4e-4b3f-9ff6-0e2aed93adf5,Gabbie,Durn,39335
9e386fa0-0e9c-478a-bc0f-925aae7f1b7d,Kelsy,Fogarty,68326
cbf07667-2aa7-4dc5-9220-1942b903c5e1,Egor,Dyton,36799
52ce0eb8-92d2-48fc-af8f-9c21d1570d41,Sosanna,Bulford,49196
3b3da646-f189-4add-8fbb-f86f00959955,Edward,Smorfit,31341
8b922663-e7cb-4d2b-adbd-45a277bc6aa2,Bari,Wint,12580
b3133778-02b1-452a-91f0-67355f57edfe,Hunfredo,Haxby,81864
2a46595e-718a-45e7-9526-9862f9bbd50d,Reilly,McMorland,42476
adc67844-435e-43a7-b6cb-18ab4d1c96c1,Lawrence,Snowman,55816
7638a2a0-57a8-43c7-87fa-e9062e2940a4,Constancy,Heaney`,74731
cf2e4a37-23e7-45fd-b31b-d992b9b03145,Gizela,Fayne,42204
47555040-c7c3-4614-bd79-a1dddf4b68aa,Lorenzo,Borrows,37652
4f2fbc7a-4b83-41fd-b4de-06a773d9dd46,Frank,Wyss,25950
c244dcb2-aed5-4eb3-9c3c-b4a09f86d1b3,Frankie,Brearton,6921
9c07764a-cf26-4c05-bde2-435ba0f00795,Pooh,Mechi,13266
7c2bd7c9-b48c-4bd8-81db-9d4f4090c4a7,Judah,Polet,55437
cc8b7d8a-99f2-4592-89f4-e3e9098e3da3,Clarabelle,Paton,70668
656c39c6-425d-4630-9af6-042e9fc3a6e9,Gael,Linnock,34372
929a0c1b-c4cd-4cc5-a979-81f4b2978270,Isahella,Botterill,29546
3339f52c-871d-4917-aeca-e70d4853a63e,Paige,Rebichon,43663
efc6dcfc-1a5b-4275-b84f-58524f803f9b,Billy,Roubert,78098
fd0632ef-00d8-4a88-bc3a-36b626ed80d7,Huberto,Venard,91773
77f4eadc-a018-4dd9-b3e3-10672f492af0,Bryana,Quantrell,45683
4182f4dd-0062-4161-9af8-af882be732c6,Dolley,Halhead,52339
d289032b-7c8d-4d4f-981e-6175d83f6884,Andree,Brogi,66455
99c4783e-2805-4d5c-90ef-6e2faa071fd8,Wain,Lotterington,76524
22af102c-0a0f-4da0-99c7-c2a6b3cc742d,Shirley,Elson,40910
dc8938b5-2b25-4480-9ab5-d950d4971375,Mead,Joist,8005
a6050f0d-273c-4852-87cb-fc3b420a53e4,Kelila,Orman,62925
99e69df5-20de-425c-ad18-174eddc57a32,Mathew,Boddington,86988
a6321e61-2fb5-42e8-ae42-10bb3924da14,Cybil,Fackrell,88133
cbe7d62e-4230-408b-8a9e-0bffe206a484,Blair,Cohan,21456
d2545b98-db95-4c35-9810-adaa772969fd,Pavel,Sprowle,85214
5b94632b-c8ac-4d9e-b184-974a7c35d953,Ernaline,Costain,16638
c0f3656f-3e59-4f47-8194-752377a7f803,Enrico,Buscombe,12507
5c4d4adb-eddf-40f3-a7e4-949ab441ac18,Emmanuel,Dixie,53938
3897d55c-d45b-4baf-8f9f-6407409874b8,Karlis,Schwaiger,19116
6241ede5-f883-4fde-a78b-d707b0a101b1,Orion,MacHoste,72298
8f6c8b23-440f-464e-b2dc-617b2785930d,Rosana,Bubb,70078
8a80a1eb-e137-493b-934a-9d53e2ff6496,Aretha,Bezemer,32114
b66f2c4f-2355-423b-941e-9fbe44283f03,Marlon,Labbey,73838
162c1c88-30a1-41cb-88ba-9bb055c9e6a3,Estrella,Lockey,19308
6e02aad9-7312-4010-a5a3-21219b59ad29,Brig,Henriques,72738
ac5598a5-b624-49c5-8ba8-74fee016365c,Charles,Speaks,41772
31eacf61-91ed-47a9-9f8e-cb8f14dbaefc,Heywood,Wildber,37280
c1b81edc-dcf7-4d0e-bd7a-0f7681b6315b,Odille,Lates,14443
2004f73b-1ddb-41c4-a815-9a8c346ebff2,Geralda,Eades,36342
a8bb520c-7d82-4035-8a0d-14d6026bf36d,Ethel,Castagno,52998
7c2549d1-af9a-46e3-9f02-b51cbd0f7a5e,Gerrie,Tinan,86133
48b9e057-7a0a-4e7e-a898-42172b2b12ea,Dedie,Gantz,94476
7df7ac87-34eb-4aaf-8cff-dddda1e6056f,Lenard,Scandrite,6571
f2793d79-1458-426e-9128-3732966193cb,Terence,Moseby,71582
54448dd9-ac5c-4786-8df6-186ac0b5299f,Maitilde,Gascar,10407
affd3f36-c29a-43dc-a847-fff02728444a,Franzen,Forgie,30727
080cfde2-a7db-438e-96f8-d65b938d9dbe,Herminia,O'Geaney,41999
451dca72-fc66-4bda-9312-55be265b5f6d,Chris,Capelle,18829
eabb34ad-c686-4f80-805d-36b8cd8c6e97,Zulema,Ornelas,72723
15d51bf1-d814-461f-8c76-5fafcacd075b,Alisander,Jedraszczyk,58716
b37688b7-7a7e-46ba-96b3-4c2aebc4cd0f,Irving,Matteucci,30364
817ce6b6-5bd6-4f60-90bb-b48815709dbf,Rodolphe,Danneil,60366
88310d7e-161a-48ad-8886-9353e54589e6,Lebbie,Duberry,47039
7008413e-d756-489c-affd-6799c5dfd70a,Cullin,Hardi,72625
49b9d4df-252c-4edb-b30f-5b3254136d23,Neils,Tibalt,26745
4f558dc6-d1d0-424a-b3ba-d7bfdd962ac3,Wendell,Winyard,20371
676a9659-e84c-4af2-ae2a-a0053102debc,Camella,Bagworth,28825
f8fb468e-f063-4dd2-9306-23c8f4bc3cb7,Nesta,Culy,92885
01178e8c-6a96-422d-a762-6ba83704f8ec,Loren,Tirrell,79430
0bdab704-6ce3-4f10-afe5-57d9f308a67d,Claudian,Millhouse,48446
f6afb531-28dc-45f5-8e22-a84dd9ee10a4,Elyssa,Thistleton,66423
aa248766-8aef-46c1-aa36-7eb1451049e4,Merilee,Hattigan,73526
af71e299-8679-4718-a898-5d58fcbd8f8d,Frazer,Redgrove,73827
18e9d48e-3973-4919-8cc5-a8cc3fe276a5,Deck,Dumbreck,68948
ecf9a4fa-4e2c-44c3-b41b-c7ba528a6445,Rudy,Tuke,55659
573747fc-a49d-408b-8589-b6446f27df06,Krissy,Birks,58838
ec561034-e7d7-45fa-903a-8c3c0171a30f,Paxton,Antognoni,22371
1db76e0b-4072-4341-afb9-094652ab42d4,Harald,Zink,67558
d7d48706-a8d5-4930-b582-2b3e422954f6,Denni,Tame,17317
ec74ee75-02e8-4ba2-a6cd-bd449f1566ca,Creighton,Skrines,91842
4fdf31e8-7b64-46aa-a2c0-5f1d7130cc9c,Denis,Shakshaft,35052
c6d91b1b-19e1-4cb9-a57c-d8c417f56936,Daphna,Bows,19551
6fad874e-0a03-4f21-a86a-0c34e45f6d72,Pascale,Schade,37977
9ea72598-07a9-4239-a61f-0a0734353782,Abbey,Wateridge,60053
78577cab-ef21-4cc8-b183-a41bb7680fd4,Johnny,Quinsee,99869
3df4ade5-5840-4cc1-abf8-053578852d6d,Sigfried,Lipson,4816
c368c285-3b5a-45fc-81a9-756337424e48,Salli,Summerlee,83011
ab7b7ddb-2ec7-4d78-a033-f81ce297358a,Chadwick,Briztman,79410
b873aded-a3af-480c-9d90-a5ee3d4ec536,Ulrike,Colloby,19028
31fa9b72-bab2-42e6-a47b-82a77f0b3cd3,Dare,Rodolfi,75528
3af3d367-5549-40c7-b9f4-7dad4372cf77,Dorise,Kobierzycki,40161
81a12104-2ebc-4793-9112-4d64e05f3bb6,Sidonnie,Paulino,27365
2291e4ac-62d7-4a44-8ea5-b9ecc481f6bb,Mandi,Debney,20171
36235a01-8d6c-4dfb-9649-aabdc7cdff15,Teodorico,Rizzello,84738
fcce1017-5383-45aa-ad97-8b930dfd7d5a,Christalle,Goggan,63125
ac951549-a811-4a83-90e0-0121560e07af,Brad,Hornbuckle,49374
2d4674ee-c83f-4f77-bc42-df427c195d80,Denni,Yukhtin,42827
2012698b-2c19-4509-86dc-299105c7e2ba,Papageno,Harefoot,29601
451939d2-47eb-400a-87d2-d4abaf6ee68f,Marmaduke,Gorries,75250
205840ea-cd0c-48c3-94a8-a99a0a4c5e02,Antonia,Petken,68802
f60017da-2373-4300-82cf-4183b6a2cc97,Chad,Gerhold,45598
675a2c4e-482a-4d16-a6df-5234191417f0,Archibald,Canniffe,27753
8cace6d8-c309-4247-a83e-2245f1cdd290,Court,Bodega,61188
cdc567a9-b262-4509-9d45-60397d488170,Bernadene,Peltz,22439
2451930c-a843-420c-9954-80af66c53eb5,Micaela,Crockett,98721
94d9354a-d35c-4bfe-871b-cdf7b903e801,Artur,Stokey,85778
9874656d-a057-4dd1-ac5a-f9254102fa25,Drugi,Kittles,16733
3bbc28b6-3bab-4bb7-9868-ff0eaa22cb68,Merrily,Thomtson,88543
d1088e5c-136e-45c2-912c-3710e0be7c2e,Giulietta,Arsey,16166
9d8e9697-3914-4e41-8c95-5db3516a8c83,Sharona,Winspurr,19292
1eaa45d1-6c1c-49fd-bad3-b7d52f78b198,Whitney,Towriss,61541
c30721ee-db86-431b-a15a-c391f463999a,Gay,Lonsbrough,93159
c215b6c9-8e68-4401-81a1-0f33b465311b,Harwell,Berndt,50692
e0251db2-5d95-4360-995c-112dc473f77c,Angelika,Epsly,87868
11a61ca4-ed00-45e0-9677-976df074836a,Louis,Ferrulli,36515
e4537ac0-3649-4993-a7bc-496c48f48db9,Jaquelin,Siggery,88945
43f809bd-ed93-4731-a526-dd93351ed86d,Violette,Udall,89830
15502846-361f-4fc2-a16b-63cb0e973a2f,Bealle,De Biasi,15452
d64b37ed-5813-4837-8c15-2726759ce052,Kliment,Elderidge,29735
fea93781-4ebc-4e08-8624-50fb0809dc72,Karyn,Blenkinsop,6584
012bf3ed-a927-43fb-aef5-7122b5b65037,Luciana,Chafney,35328
bc1ee1d3-e4e0-43db-962c-a7f374328a5a,Curry,Loins,48008
d4bb60fd-494a-4f7a-897e-c095d33a40fe,Chic,Todari,52888
34937bd7-595d-4ee8-a989-4b5dc6ec34fe,Rhodia,Bever,19906
232a0771-0309-4469-9815-a4b2b9b0b957,Jameson,Maghull,86304
0f246a59-eac8-4a3d-8dec-3242285f84b5,Archambault,Holdworth,5782
c0246b07-9c2f-4041-aea5-e2c752df1d57,Concordia,Chilver,45021
4eec596c-e380-4725-9b22-54227ca80f36,Natka,Dransfield,17879
d78da07f-7402-4aff-800d-4c1ec54942b6,Spenser,Morrissey,50933
0af03fec-21dc-44b6-b9d9-004d5e4512f7,Clive,Allcroft,63298
fcfa2c48-2362-46f6-bad4-d9e00a7f8e4c,Cory,Vasse,77574
02fa0e53-4fc2-4c9f-94e0-c44e0d1147f7,Norri,Heard,92734
0fbbb6d1-b52d-4611-a8dd-06bf0c287abe,Amalia,Bredgeland,41922
bf6dda30-03fd-4ccb-9a9a-adf2a72f1df1,Mari,Reasce,13239
88bdae03-7e02-4e7e-805a-0f82bee5a79f,Sebastien,Monro,16345
7c8fd444-bebd-4ec0-a53b-d4767a69e12e,Karlee,Gon,61567
9ce33e3c-b623-47b2-b71c-2d3fbd24ca5a,Englebert,Vedekhin,56132
eaf179cd-e5ef-4a65-b6ef-61ab68584704,Laurie,Guierre,49094
0be4e5c0-6e1c-4861-8a9d-b3cb9e2aa888,Carmita,McMackin,27552
f4bca476-d3a6-484a-9c5d-5ab51cad947b,Giorgi,Palumbo,16174
cdac0e54-b959-4a31-8292-a4b845d3cb9a,Nani,Jammes,5515
39b70c24-2991-4ae6-b691-28b928fecdc7,Ellene,Taggett,7270
886c28d7-dc7a-4ae4-b03c-02e8e19375d8,Robinetta,Quilty,25712
45212d18-df1f-45d6-8a18-889b62b37cd4,Zorine,Lardier,11968
ac1b69fd-3d5b-48d8-bc06-5fbe2447b3aa,Way,Phillips,34467
893548f1-2b42-4650-94ae-7c9a37450547,Rodney,Guido,4120
1d47522a-b1d1-434b-b585-2a749898255d,Patrice,Coppens,84171
c58e7f1f-471e-4888-a2c0-3ddbbbbb19a5,Shirley,Tunkin,12049
daa051f4-8483-40df-bbfc-c4f46bb70152,Nicolas,Klamp,5951
7a63b5c7-4afe-4d52-bc4b-37d14504c0e9,Federico,Hopkyns,99538
1ae751bb-3b2f-48fa-a613-9813fe3eb540,Enrichetta,Andriveau,11347
20b234e2-43be-4cf1-9c10-cfe0b2cc9787,Phylis,Burgoin,24281
c92cb2ee-231c-485c-94a6-aa191a140111,Cash,Basketter,16636
de859b08-40fb-4248-85a5-e034c31b3bc3,Colet,Geggus,31197
3e58e06f-e46e-4c7a-adf4-cbb212cc2fb2,Brietta,Jakovijevic,54259
df98eb1f-561b-4768-9821-4c72fdaf1526,Gleda,Braxay,66816
71cf0b45-a152-4aae-a943-362c6378c88a,Ludvig,Owain,57342
8e668b6a-bbf1-4a10-8629-cc460c62f767,Donavon,Harridge,17116
0917f3a1-2362-455f-bbc0-21c998f0509b,Nancy,Lerer,25039
0ec3c428-466f-4f72-9d06-c440542c2a0e,Alene,Filipychev,85442
bacf369e-5981-4c44-8d28-fa6ca30cf0ae,Christal,Feake,43640
e11ce0b2-e552-435e-a79f-68ed34ac303c,Arlene,Wellington,58950
cdc486d5-3ec5-4685-9ee9-93a4312116bb,Eryn,Jills,25566
f554aadb-8d41-45a5-aee2-c3bbea310554,Riki,Shanley,32096
626cf789-7d3f-4544-862a-83161fffae9e,Obadiah,Chelam,76349
6d532061-5913-4295-93e1-4a052d084ba4,Graeme,Bril,53624
09415516-b30c-40a8-86ae-7a0a0baf922d,Gwenette,Swales,97884
bb43456a-9614-4bda-abd8-9aeedf6377b6,Fulton,Wormald,53577
6e15339a-fdce-40c8-8742-bddd517548dd,Silvan,Draxford,83210
9cdbfde5-94de-4e58-8b64-b8bf8bcfa279,Merralee,Tipens,10861
ef1b4ac5-2940-4447-ac45-6ff83b3e1417,Merralee,Tire,15760
df0aecd9-9a6a-4a64-a8f1-093e434b8244,Kaye,Pietersma,24787
2fbc1fdb-2ba0-4b26-8de4-e0694ad62b10,Zed,Najara,77615
08c2dbda-bcf2-401d-98d1-557bb6b79069,Duky,Pitcock,51477
e73b1067-dd37-41c9-8fc1-b50a3d6f6a53,Cece,Ofer,28498
af03c044-bff8-43d4-8ba5-139a2fd1ab81,Felice,Callingham,41152
6aed00be-24ef-4b66-b2d3-e1e5fae5788c,Basilio,Barends,22965
5e20667c-2bdb-4d59-afbd-9fabed409eeb,Myrvyn,Mertsching,86390
e5338a01-8e4b-4745-a0ee-99fe03e13fc2,Julianne,Pudden,62958
a86fb60d-0766-4a83-9b23-87792b27db7a,Aleece,Featherston,28622
7b82ed09-07fa-4675-bae4-d5a6abad840f,Garrik,Pelling,21242
4e454cd5-3e9d-454d-9784-96428b2126d3,Emmeline,Rogan,68661
2425dbcd-3e3e-4d29-8531-af0b101d2278,Minna,Stygall,67768
806815b0-ce49-4a8e-b6f4-8e4200cfac4b,Yorgos,Mellodey,97736
4f92d4fb-f60c-496d-9ace-cf1e6c723663,Leila,Repp,44943
0b0d5fe2-4751-4df0-bcc8-22f8caf491e0,Giavani,Pennycord,46430
dab148b7-1dbb-4d84-a8f3-33bffc874923,Maxi,Tilio,11937
e0e9ea12-5e3d-4290-adf3-a4df9b8a2465,Orrin,Kennon,26773
2349ccba-5cc1-4a92-a1e3-6802321078e7,Kiele,Pogue,4010
b1befd6a-f4fd-4373-a8a2-36e294ccbd91,Jeni,Soot,82053
36da1af3-7bc7-4dc3-b4a1-459134588bf5,Cherice,Androlli,12994
856669f1-3b8b-423f-b2cb-e655487e8819,Xylina,McDell,83888
b770c4ac-1b3d-4592-9436-fb4c422ab9fd,Rosie,Chipp,90618
b16fd9b8-7185-47f8-adcf-e1eadbd79bda,Nikolai,Mazey,17979
8616670a-d785-4363-bf56-4a2a441c565d,Sheilah,Josilowski,93548
69d2b683-46b1-462a-8bf0-10fdf5aa1a79,Mary,Fausch,17941
6a7bdff2-a52f-4d1e-ba0d-4b31741d09e4,Melesa,Whittaker,82211
742a504b-b422-4e7b-b595-a5efab95167c,Caril,Novotni,51507
9d537735-55f9-4e0e-9f8b-3c7aa827abab,Winny,Arrington,99134
bb680bd7-2c74-4e4e-b2fb-962102a2e01c,Mace,Watkiss,39195
88ccedc4-cf88-4400-ba27-952ec2369c8c,Xaviera,Musto,82793
7c134cb0-5a76-4900-bcdb-eddb625c2962,Melvin,Ianiello,40413
523b5c54-24ae-4fb9-a506-110848cf6f93,Eadmund,Camoys,72829
af5cd974-ac14-4626-82ce-5b127c92b442,Retha,Hurdwell,7155
7fda1988-8475-4920-9e66-fb67c7803a00,Ardisj,Tabbitt,8632
0628cf6e-2d66-443d-9110-d2e5c8e0db8f,Barr,Clavering,47151
41244d17-cea2-4ccc-938e-64387659e3bf,Curr,Demaid,29944
4c78328f-2d55-47cd-8625-455a651dd08d,Andree,Cheel,23335
92ab6736-d97e-4df0-bb69-c792517ca6b7,Edd,Plail,8362
9541f4d7-8099-4e56-974a-8fceb1d1ea40,Javier,Dorn,75513
2f96acc0-7fef-436a-8687-7d367442bc3a,Saleem,Wilmot,64110
cfb8d7eb-6836-49e1-b11e-e1bbd7a722db,Denna,Dominico,39387
b7b0da9c-df39-46a7-83be-ebbb4e7c95fb,Hugh,Hartland,78879
d3b5dfd0-b187-4516-b03b-9934be5072ca,Priscella,Du Plantier,96907
cf0fef90-205b-4f8d-b5e6-e2d54579145d,Pen,Minto,15454
66a8ea8a-f126-4d04-9ce9-7e8b76a083d5,Aristotle,Frontczak,51262
8a92567c-c570-4bbc-a33a-cfadceb3277a,Harmony,Boman,62790
630de5ce-2f0a-4c2f-a942-fa2eb94125c4,Dru,Bootherstone,72860
2433e173-5d46-403c-9f6c-15a1f6cc121a,Esther,Lapere,49770
ff0a4c20-e147-433b-8efe-c176b6e2b8ed,Jimmy,Roscamp,17759
ed5de6a8-06fb-4fd6-9558-8a236c0964a8,Ingelbert,Fossitt,70634
c88f5b18-d4d9-4276-b565-9f6d2fdcb0d2,Nealy,Leer,87333
bee0564f-4875-4650-8687-fde3fad22dd9,Joell,Izakson,68330
3d9d0810-2916-4256-b6d7-b6beacbc7be1,Jeanne,Tilberry,10041
2823126b-ef52-423d-a10d-b1d6812325e0,Isabel,Churly,60315
3cebf5ea-62a3-4793-9636-ba723f6668d6,Staford,Kingsworth,96640
02771b77-af59-424b-9fa1-e0c30df61619,Corby,Elstow,89348
5afc9866-5d2e-4b09-ba13-e357d64d0d44,Leone,Rawlison,13423
0d31f157-82c9-44dc-b15c-a65fdda65e62,Wilbert,Triebner,90671
b5699da6-6256-41e1-806d-68e856d6f68f,Drusi,Adolfson,14106
4f1a4d25-0981-497a-adab-f9488aab1bf1,Jenelle,Reyburn,90502
4baefeda-6e92-4c44-acde-c428daa8ff4d,Hillel,Bartak,14425
db8c4c6a-1842-4198-8be3-dbf3a19c33fc,Poul,Stiant,13165
611fc10d-b9cc-49eb-be7b-5960be95d31a,Saba,Remer,85175
960ab507-7fb6-474b-9c92-14cd77b82eaa,Friedrich,Philippou,87392
ea9b360b-ff6f-444c-a5b1-8cc2db6957ea,Shaun,Shipley,73874
ba05bc86-c9b3-464c-b75e-370deeaf36ad,Demetre,Vegas,14011
c923b058-b89f-4a71-808f-53639c7b69e5,Kelley,Willox,66069
e5370d07-3d28-4399-8504-7ea09e94c2da,Judd,Armatys,52159
384899d7-4915-4f9a-b9e4-aa88154db554,Eleen,Kerton,44141
ea94c4a0-f4cc-4026-966e-15568de9bc2c,Kaia,Barham,56689
cc33854d-5edb-48fa-b416-9954cd03ff52,Vivi,Dinnis,26041
8fd96407-f46d-465e-b52d-eae98b6428f7,Ruddie,Hlavecek,96409
d25e907e-aa13-4291-a3ea-a4c74723bad7,Jeff,Syder,15333
5c1bb29f-6c81-4b2f-82f2-c660133092e7,Darryl,Meyer,55267
63ac957b-10a3-442d-b310-d86d478f7d1d,Zane,Fullilove,8947
c1a39aa4-4bba-4c42-b538-1490f9163dde,Byrann,Goodluck,52701
d54d15de-db8e-4de9-a5b0-e8ea659c3e85,Camile,Yves,4030
eec743ce-3fe0-41fe-bcfa-f9b6ce55f9c5,Ephrem,Swiers,84368
4ac8a63d-abef-415c-b5ae-5aacfc091990,Rusty,Gallant,89350
b77d24b2-9454-419d-8255-c7e208e67de0,Emilee,Burdett,11260
a661e912-c6f3-427f-953c-f9279c64022e,Jinny,Clementi,43433
af722202-33a0-482e-aedc-f5c81ac5ac72,Etta,Chiechio,38403
98173d46-8d45-4b24-bd6c-188ed68c0079,Chloette,Braybrook,65702
5f5ec614-b607-479d-a255-dee76fa323af,Edmund,Vasilkov,21101
361c0472-e088-4c7c-a6fd-b3195f63934f,Emlyn,Blonfield,38629
b37b6edb-61b8-462d-af9f-21c4ae79bcae,Carey,Beed,27865
ef5755c0-de98-4ff6-a319-74f3faf94735,Terrye,Grouse,47726
9c00b0ad-8881-4da5-a49b-1797022ac956,Donica,Verrier,61396
a4fd2408-a53f-4a0f-b2f8-142247c0824e,Bobbie,Sells,22677
011698de-2ef4-4dd2-b92e-cebfe95d2392,Anthea,Lucien,24938
d656e398-e19a-493c-bae7-62ac1d8edac7,Jenda,Nanni,78309
09d83146-fd72-44ec-b801-c4defbf6a529,Reggy,Rainsden,93430
8457ef0e-a460-4021-b4c9-963428a02641,Lenora,Fidge,82006
90e4e251-e789-4944-80ac-5124a305e694,Derrick,Wagon,25438
0cafbcdc-2a6d-4517-b9dd-087344842072,Danny,Hasnip,8643
a9257d2f-028d-4c18-bd56-5407b2144b2d,Solly,Sidgwick,29931
a9e5ca04-08d4-4a55-aa46-4b55ee8be145,Jakie,Sutherland,37615
7dce9d47-139c-41aa-98b0-88989c4db488,Tobe,Klosterman,59787
2c9bcd48-f666-433b-8683-c9fe117ab46a,Wilek,Sleit,48244
8503fd35-0508-44fb-8309-5969180b972e,Bryan,Frew,70565
7f62a2a3-cf08-4842-a4d1-a9df5f12b63f,Hamish,Burk,85403
34eebe69-35f0-4317-9165-17bf48d5cfe1,Gun,Dobeson,78651
5420c279-0f37-45db-adf5-d96664fdc805,Meade,O'Howbane,36922
034c4986-d0ef-456a-b370-5319b10e6aed,Wini,Hakonsen,73919
46163d6c-2ca3-46a6-bbc1-b63591e9c430,Yurik,Duferie,70437
9d3cb1b2-d44c-4ffc-8deb-493d07091169,Tate,Sholl,48313
1884db55-482b-4202-8631-1fabbb827430,Winfred,Seely,26910
b91cb62a-f4c8-499a-ad2e-5aa8dfa8585d,David,Chetwind,19638
91f17f1f-09be-40de-851e-9148ad7f8050,Edgardo,Jacmar,88090
4e19e973-b239-4412-9050-574bdb5251cc,Colette,Petkov,6384
9171020d-2430-46bd-a463-15b8b0d1149d,Petronille,Dimitriades,84882
e0169a73-0731-4a6b-850f-be7410c21245,Shelden,Jelf,20133
ae0bcda5-e58a-4d65-b8bc-ab42616caf6a,Barbey,Kilbourne,33731
f7c744a1-e79e-4527-ab51-2b4eb810cf39,Shermie,Brakespear,98125
ba11e79e-540f-468c-8a0d-cf5638ffde4c,Billi,Ealam,52199
a134787b-ba2b-40a0-aef2-df873a0f05a7,Deloris,Rappport,90044
c6a670f5-af7e-4e32-8a58-584c442c12b6,Cami,Casbon,77384
2ac3a903-8608-493d-b382-aa65256e0cfb,Rona,Linner,51530
f8ba93f5-facf-40a4-bbe7-d49c9fb87a5a,Willamina,Nazaret,51427
5b01d389-c530-4cc9-aac1-4011d4fb36a6,Basia,Pecha,17794
ef94c76a-7b97-4a2e-b600-cecb2c0a294f,Odelia,Barukh,31477
25d8f217-4897-424e-a706-d000e8aaed7a,Arin,Laugheran,82647
c9192ccd-a090-48fb-84bf-d3b1e6f78b2e,Alanna,Samarth,68526
41e7faf0-3177-4775-9fca-50fae321a2bc,Ardra,Stoak,37598
f477e5de-7daa-43a5-b73b-066025409a07,Mercy,Zanicchi,58436
e166f5db-809b-4ce5-9cc2-79a6be560535,Ianthe,Laye,69786
2d295348-eab8-4ff0-b1fc-8bf8458de3a5,Sharline,Eastman,21691
369902fe-ec8a-4a16-8823-b58e0ef29e75,Jaquelin,Cruces,98339
187f0f8b-42c9-4416-967a-d3c071dc0885,Freddi,Gedling,46852
bdd016f2-277d-478c-b6d4-7d381ed61c0b,Ignazio,Geroldo,94106
d7869a02-c55a-4390-806a-9e54367bd6f7,Rowan,Orpen,12129
6df3f519-8017-43b4-a085-43dd8f5ad257,Mordecai,Beatens,62184
42b9dc70-e5d4-4699-8a97-8caa99c75c2d,Worthington,Westraw,93539
a68e9f0e-0ee2-4ef6-af14-9eff0657add6,Dov,Humbey,26371
797cffd5-2ac9-42ed-815d-ad446b57b290,Sallyann,Blackaller,40780
e626ffef-dc7e-4f24-b235-ee4c49f27666,Aimil,Daglish,55687
ff850bd9-6f85-497c-b7d6-ad7c1768fb01,Maisie,Liell,58359
0c91b828-cb5b-403c-a808-7219b357fd20,Rubina,Belvin,94437
cf535368-22cb-461d-90e3-b332b8949c8a,Rory,Stidston,34206
7cfab780-68e0-484d-9743-fdb338b51548,Benedict,Melville,17420
0f2f4254-35a5-4764-bb6e-03a0f801c330,Bernadine,Dumphries,34186
c0a81e57-d97c-4a6d-aa4d-327228eeb991,Teddy,Conduit,46371
4fa5be41-4024-4395-98f7-4d96c12c1522,Silvan,Steinhammer,85934
a6761a5a-702a-428c-9933-af7d070e65b8,Kristien,Brooks,20016
c1ba8eea-4769-4e5a-a496-2d7e4ec5e63d,Desiri,Baum,73072
eb73f007-ae7c-4563-add8-cbe2a3854b5d,Kiri,Spurling,95827
bd1082d2-3552-4498-937e-4ab042f1a586,Essie,O' Scallan,72946
2aa6f7e9-1ff2-47ed-801d-7a89081c20dc,Zackariah,Bricket,63367
d5d37a84-7bcb-4856-ba7a-be547cd1fa5a,Aurel,Stode,54519
97118e44-e1af-4a30-bd24-cfe20316c63d,Stephen,Pickersgill,33895
1b412a70-30fe-4fb5-a0b0-64c543d8fdc1,Stacee,Mollindinia,47187
2efd8d65-f3fa-47ea-8db2-ad39905a1b07,Blakeley,Cubitt,12122
6d623b75-a69a-401a-9a5b-fa9f7dfd5830,Harrietta,Chrichton,91649
8eed8a23-8deb-4577-9fc5-3986fd731329,Kaitlynn,Condie,19273
219e82cc-db06-48ff-8443-a95ac11e4690,Lisbeth,Meers,94859
1b60cec8-3181-4e7d-b467-914d8248321a,Carolan,Gorringe,90115
e0a60b62-0118-46df-a142-8b7ad1c8dac4,Bunnie,Macrae,10091
88770afa-8ba2-4767-90a1-bb5a15ccb87b,Gwenore,Oldaker,15501
49e7ac33-e24d-4b40-b2a7-62d7d516bc64,Brantley,Josham,57525
2f85ed28-c681-49aa-a7e4-db8955434c4a,Cecile,Luxen,40425
d9138fbf-c7c1-410a-8f65-9fb1df28d14f,Antonin,Gyorgy,28913
88a4c546-9970-4b7d-93e9-cfc882c49421,Bethina,Bramelt,99333
f3316592-1b8a-4ff7-bbae-b417f098d24e,Torr,Nock,44839
384de065-0d64-4cda-80e1-4eeda9668e53,Celestyna,Grunder,66858
3d50ff06-2aab-4200-a90d-e49c77ba294e,Wendy,Mulqueen,73087
0c9a8934-8ccd-452b-a398-9dad412a55eb,Anthia,Berni,84812
6643b862-4e1b-4d0a-b2a2-7d397a211280,Didi,Fabbro,97982
ebbb46c0-ba71-4ca0-819b-ed35ddc7bf4a,Lina,Gonthard,60550
e4a4b40a-ea6d-482f-a31c-31105a293a18,Stevana,de Nore,49829
35aaebf1-ffe1-48f9-9440-6f5ed93918a7,Marcella,Bowgen,30211
f7aefd94-dc5d-4ef9-b204-b677ad18364a,Errol,Cust,44069
d5b3823b-d9b4-4dc8-9424-81fe2ea22de3,Slade,Dreng,90486
5a327859-842d-441b-af3a-8b3fc0ff2ab1,Donnamarie,Esilmon,53063
1bee2925-d8f7-4a36-93cc-cb6d22eb54e4,Penny,Rosenkrantz,30677
20240914-281b-46fe-8333-7c47be01e4f1,Kiley,Whitta,17052
f72ce072-2acf-4ba1-8ad7-77cd0ae11920,Dillon,Raoul,61542
79ed974c-0dd2-4d54-bb40-e6e41e6fa11d,Fidelio,Shane,88208
aa9f57a2-dfcc-4c25-a372-528d3cf52cc1,Emelyne,Jurca,83488
faf0c47c-381e-4ce2-847a-a927e3aeb594,Derrek,Badwick,40704
b5cd85fa-a54d-4e76-b552-01f869218f0a,Hal,Bercher,15282
28e0e6e2-3b08-4d5e-bada-56e04a632620,Sari,Larn,93529
eb8cb755-9df0-43cc-814a-3653d97a029a,Eolande,Bruyett,50366
7f571833-bf35-4a72-bbc7-1b68506a9a2a,Zelig,Burkett,19653
3cf23388-c6ae-418b-9dac-cd037dec5ea4,Kariotta,Rastall,79350
f9973d41-53b0-405c-8faf-5d560d42d69e,Albina,Lount,51353
2d2f754b-f4a5-4434-af95-30a03c61d333,Corilla,Nutty,26128
102ab2a9-192a-43d1-9712-ecd08915d5e7,Stevena,Stockport,77799
7e64839b-f9ac-4438-a3f5-25c6ab229cb0,Catrina,Emmerson,44022
1df97580-e21b-402c-8381-aa8638b2f359,Athene,Scrinage,86078
9b9832fe-ca38-4fbf-918b-03e9982dc39c,Kippar,Stallon,76823
6dff9962-9708-42e4-a2e3-9486927403f4,Banky,Rosenkrantz,81453
9d4fcd27-313d-46df-9622-ed9eaef78341,Ashly,Velte,4444
a192f7af-00ea-413f-8e55-33c436763886,Andriana,Giorgio,57461
194f0cad-3229-43d4-9f8c-75eceb3ee836,Urbano,Marrow,7391
1b05af06-8777-447e-acf3-d0cea28dbaad,Dinah,Balke,30609
e05d2558-dfb4-48be-83b6-343bd6f58a52,Yvette,Jerson,60661
ecc83b57-2dfe-470c-a98b-b5e08cb1f4ed,Jeremias,Senecaux,14726
3b3c32a9-431d-4827-a851-7d92ffa7e345,Cornie,Kensit,79364
8cab870a-1694-4de8-8a71-53eaf3058380,Krystle,Ranyelld,25433
c270db87-a08e-4871-aca3-9e64e748414d,Ruprecht,Tuffell,60931
7b2eb3e5-80f5-4517-a328-d5c4936b951b,Elspeth,Moncreiff,44616
3fe82667-aa92-481e-9970-cb75baa3725c,Birdie,Hallbird,61286
3a63b95c-7fea-4475-be6d-2da583b63e0e,Amity,Foskin,98524
7fbb6087-e289-471c-a326-b7f52a168125,Olive,Notman,22580
13c84b58-a49e-4802-b10a-6d91a81553dd,Sonny,Atwool,10800
6c15b994-c1d5-4f5b-8bc3-d269ebb462cd,Edwin,Neeve,4366
119d2e7c-225c-4dd3-8b13-0ccb5011b914,Sebastian,Barenskie,85647
b023f5da-eeef-4035-9ab6-b69c746bb8c7,Reinaldo,Erdely,73664
2b34eee5-cb21-4ed8-8d7e-dfba62b5072e,Cornie,Rushe,20849
d2a87c19-8015-4374-b6ff-8d3e97ccb1f7,Courtenay,Kildale,80700
9583565c-fd60-4891-93fa-94eb887fe3a3,Hamnet,Grundey,81075
0fbced21-4d46-49b6-9913-6d18107ce6b6,Cazzie,Likly,12550
333f23fd-3a33-4b12-aa44-26952f24a437,Gerrie,Wilcock,51298
122d5815-95b8-42fc-a069-115d8359157e,Ulrich,Gietz,6457
2f07149a-cada-44e1-bce5-9a1a14abc0be,Dag,Trayford,76512
33546ae9-91ef-4f84-8038-8cff3a38f764,Augustine,Dabourne,23727
3d96a006-bfc3-4457-834c-e6133e9b77cd,Tucky,McKmurrie,47555
6eae2b4d-8068-4d40-aa09-c2d2f82471cb,Roy,Reffe,97866
b8e054f0-3a59-4cf3-833c-674aa3fc8d81,Felicle,Simione,15027
5cd8b5c3-ecd4-46ad-920b-e483acd00a8a,Keen,Emburey,49232
